<?xml version="1.0" encoding="UTF-8" ?>
<rss version="2.0">

<channel>
  <title>Home Page</title>
  <link>http://www.NewsFeed.com</link>
  <description>View different News </description>
  <item>
    <title>BBC News</title>
    <link>http://www.bbc.com</link>
    <description>BBC news website</description>
  </item>
 <item>
    <title>NDTV News</title>
    <link>http://www.ndtv.com/gadgets</link>
    <description>NDTV gadgets updates</description>
  </item>
  <item>
    <title>Times Now</title>
    <link>http://www.timesnow.com/politics</link>
    <description>TimesNow polictics news</description>
  </item>
</channel>

</rss>
